,BM,BM,IU,IU,BIU,BIU,SML,SML
,mean,se,mean,se,mean,se,mean,se
0,0.6114110350608826,0.0003184666857123375,0.6208410263061523,0.00027974945260211825,0.6112123131752014,0.0003265433479100466,0.608208179473877,0.0003145959635730833
1,0.6109395623207092,0.0003197358164470643,0.6208078265190125,0.00027773590409196913,0.6114012002944946,0.00033371729659847915,0.6090477108955383,0.00030641580815427005
2,0.6109617948532104,0.0003197265905328095,0.6208231449127197,0.0002777031622827053,0.610671877861023,0.00032169691985473037,0.607835054397583,0.0003043456526938826
3,0.6107349991798401,0.00031495114671997726,0.6208990216255188,0.00028051543631590903,0.6106250286102295,0.00032605286105535924,0.6076164841651917,0.0003092644037678838
4,0.6110588312149048,0.0003172830038238317,0.6210629940032959,0.00028172778547741473,0.611499547958374,0.0003362682182341814,0.6077534556388855,0.0003105528303422034